Deskripsi,Nominal
Pembayaran SHF,200000
Pembayaran S    H F,200000
Pembyaran S                                    H                        F,200000
Pembyaran S    !@#3             H                        F,200000
Pembayaran,200000
!23abch,200000
asd,200000
abcabcabc,200000
SHF,200000
Pak Budi SH  F,210000
Pak budi S  H   F,220000
untuk bayar s            h            ff,230000
Pak Budi SH  F,240000
Pak budi S  H   F,250000
untuk bayar s            h            ff,260000
Pak Budi SH  F,270000
Pak budi S  H   F,280000
untuk bayar s            h            ff,290000
Pak Budi SH  F,300000
Pak budi S  H   F,310000
Pembayaran S ettl ement,300000
Pembayaran Sett lement,300000
Pembayaran Settle ment,300000
Pembayaran Settlem ent,300000
Pkemayaran Settlement,300000
Pembayaram Settlement,300000
Pembayaran Settleme nt,300000
Pembayaran Settlement,300000
abbcc,300000
ab ac bc,300000
baacab,300000
a bacabcb,300000
Pembyaran Settlement,310000
Pembayaran Settlement,320000
Pembyaran Settlement,330000
Pembayaran Settlement,340000
Pembyaran Settlement,350000
Pembayaran Settlement,360000
Pembyaran Settlement,370000
Pembayaran Settlement,380000
Pembyaran Settlement,390000
Pembayaran Settlement,400000
Pembyaran Settlement,410000
Pembayaran Settlement,420000
Pembayaran F idusia,400000
Pembayaran Fiidusia,400000
Pembayaran Fid usia,400000
Pembayaran Fidus ia,400000
abccba,400000
abccbaa,400000
abcabcc,400000
abcabcab,400000
Pembayaran Fidusia,358000
Pembayaran Fidusiia,368800
Pembayaran Fidusia,379600
Pembayaran Fidusai,390400
Pembayaran Fidusia,401200
Pembayaran Fidusiia,412000
Pembayaran Fidusia,422800
Pembayaran Fidusai,433600
Pembayaran Fidusia,444400
Pembayaran Fidusiia,455200
Pembayaran Fidusia,466000
Pembayaran Fidusai,476800
Pembayaran Pinalty,501000
Pembayaran Pinaly,501500
Pembayaran Pinlty,502000
Pembayaran Pina ty,502500
abccba,503000
abccbaa,503500
abcabcc,504000
abcabcab,504500
Pembayaran Pinalty,470000
Pembayaran Pinlaty,480000
Pembayaran Pinalty,490000
Pembayaran Pinalty,500000
Pembayaran Pinalty,510000
Pembayaran Pinaly,520000
Pembayaran Pinlty,530000
Pembayaran Pina ty,540000
Pembayaran Pinalty,550000
Pembayaran Pinlaty,560000
Pembayaran Pinalty,570000
Pembayaran Pinalty,580000
Pembayaran U  M K,603000
Pembayaran UMMKK,613500
Pembayaran UKM,624000
Pembayaran U                M                    K,634500
Pembayaran U   M    K,645000
Pembayaran U  M     K,655500
Pembayaran U  M   K,666000
Pembayaran U  M  K,676500
acbacb,687000
abacab,697500
abcabc,708000
abbacc,718500
Pembayaran U  M K,729000
Pembayaran UMMKK,739500
Pembayaran UKM,750000
Pembayaran U                M                    K,760500
Pembayaran U   M    K,771000
Pembayaran U  M     K,781500
Pembayaran U  M   K,792000
Pembayaran U  M  K,802500
Pembayaran SHF,100000
Pembayaran S    H F,130000
Pembyaran S                                    H                        F,160000
Pembyaran S    !@#3             H                        F,190000
Pak budi S  H   F,220000
untuk bayar s            h            ff,250000
Pak Budi SH  F,280000
Pak budi S  H   F,310000
SHF,340000
Pak Budi SH  F,370000
Pak budi S  H   F,400000
untuk bayar s            h            ff,430000
Pak Budi SH  F,460000
Pak budi S  H   F,490000
untuk bayar s            h            ff,520000
Pak Budi SH  F,550000
Pak budi S  H   F,580000
untuk bayar s            h            ff,610000
Pak Budi SH  F,640000
Pak budi S  H   F,670000
Pembayaran S ettl ement,700000
Pembayaran Sett lement,730000
Pembayaran Settle ment,760000
Pembayaran Settlem ent,790000
Pkemayaran Settlement,820000
Pembayaram Settlement,850000
Pembayaran Settleme nt,880000
Pembayaran Settlement,910000
Pembyaran Settlement,940000
Pembayaran Settlement,970000
Pembyaran Settlement,1000000
Pembayaran Settlement,1030000
Pembyaran Settlement,1060000
Pembayaran Settlement,1090000
Pembyaran Settlement,1120000
Pembayaran Settlement,1150000
Pembyaran Settlement,1180000
Pembayaran Settlement,1210000
Pembyaran Settlement,1240000
Pembayaran Settlement,1270000
Pembyaran Settlement,1300000
Pembayaran Settlement,1330000
Pembyaran Settlement,1360000
Pembayaran Settlement,1390000
Pembayaran F idusia,1420000
Pembayaran Fiidusia,1450000
Pembayaran Fid usia,1480000
Pembayaran Fidus ia,1510000
Pembayaran Fidusia,1540000
Pembayaran Fidusiia,1570000
Pembayaran Fidusia,1600000
Pembayaran Fidusai,1630000
Pembayaran Fidusia,1660000
Pembayaran Fidusiia,1690000
Pembayaran Fidusia,1720000
Pembayaran Fidusai,1750000
Pembayaran Fidusia,1780000
Pembayaran Fidusiia,1810000
Pembayaran Fidusia,1840000
Pembayaran Fidusai,1870000
Pembayaran Fidusia,1900000
Pembayaran Fidusiia,1930000
Pembayaran Fidusia,1960000
Pembayaran Fidusai,1990000
Pembayaran Pinalty,2020000
Pembayaran Pinaly,2050000
Pembayaran Pinlty,2080000
Pembayaran Pina ty,2110000
Pembayaran Pinalty,2140000
Pembayaran Pinaly,2170000
Pembayaran Pinlty,2200000
Pembayaran Pina ty,2230000
Pembayaran Pinalty,2260000
Pembayaran Pinlaty,2290000
Pembayaran Pinalty,2320000
Pembayaran Pinalty,2350000
Pembayaran Pinalty,2380000
Pembayaran Pinaly,2410000
Pembayaran Pinlty,2440000
Pembayaran Pina ty,2470000
Pembayaran Pinalty,2500000
Pembayaran Pinlaty,2530000
Pembayaran Pinalty,2560000
Pembayaran Pinalty,2590000
Pembayaran U  M K,2620000
Pembayaran UMMKK,2650000
Pembayaran UKM,2680000
Pembayaran UM                    K,2710000
Pembayaran U  M K,2740000
Pembayaran UMMKK,2770000
Pembayaran UKM,2800000
Pembayaran UM                    K,2830000
Pembayaran U  M K,2860000
Pembayaran UMMKK,2890000
Pembayaran UKM,2920000
Pembayaran UM                    K,2950000
Pembayaran U  M K,2980000
Pembayaran UMMKK,3010000
Pembayaran UKM,3040000
Pembayaran UM                    K,3070000
Pembayaran U  M K,3100000
Pembayaran UMMKK,3130000
Pembayaran UKM,3160000
Pembayaran UM                    K,3190000
Pembayaran SHF,200000
Pembayaran S    H F,200000
Pembyaran S                                    H                        F,200000
Pembyaran S    !@#3             H                        F,200000
Pembayaran,200000
!23abch,200000
asd,200000
abcabcabc,200000
SHF,200000
Pak Budi SH  F,210000
Pak budi S  H   F,220000
untuk bayar s            h            ff,230000
Pak Budi SH  F,240000
Pak budi S  H   F,250000
untuk bayar s            h            ff,260000
Pak Budi SH  F,270000
Pak budi S  H   F,280000
untuk bayar s            h            ff,290000
Pak Budi SH  F,300000
Pak budi S  H   F,310000
Pembayaran S ettl ement,300000
Pembayaran Sett lement,300000
Pembayaran Settle ment,300000
Pembayaran Settlem ent,300000
Pkemayaran Settlement,300000
Pembayaram Settlement,300000
Pembayaran Settleme nt,300000
Pembayaran Settlement,300000
abbcc,300000
ab ac bc,300000
baacab,300000
a bacabcb,300000
Pembyaran Settlement,310000
Pembayaran Settlement,320000
Pembyaran Settlement,330000
Pembayaran Settlement,340000
Pembyaran Settlement,350000
Pembayaran Settlement,360000
Pembyaran Settlement,370000
Pembayaran Settlement,380000
Pembyaran Settlement,390000
Pembayaran Settlement,400000
Pembyaran Settlement,410000
Pembayaran Settlement,420000
Pembayaran F idusia,400000
Pembayaran Fiidusia,400000
Pembayaran Fid usia,400000
Pembayaran Fidus ia,400000
abccba,400000
abccbaa,400000
abcabcc,400000
abcabcab,400000
Pembayaran Fidusia,358000
Pembayaran Fidusiia,368800
Pembayaran Fidusia,379600
Pembayaran Fidusai,390400
Pembayaran Fidusia,401200
Pembayaran Fidusiia,412000
Pembayaran Fidusia,422800
Pembayaran Fidusai,433600
Pembayaran Fidusia,444400
Pembayaran Fidusiia,455200
Pembayaran Fidusia,466000
Pembayaran Fidusai,476800
Pembayaran Pinalty,501000
Pembayaran Pinaly,501500
Pembayaran Pinlty,502000
Pembayaran Pina ty,502500
abccba,503000
abccbaa,503500
abcabcc,504000
abcabcab,504500
Pembayaran Pinalty,470000
Pembayaran Pinlaty,480000
Pembayaran Pinalty,490000
Pembayaran Pinalty,500000
Pembayaran Pinalty,510000
Pembayaran Pinaly,520000
Pembayaran Pinlty,530000
Pembayaran Pina ty,540000
Pembayaran Pinalty,550000
Pembayaran Pinlaty,560000
Pembayaran Pinalty,570000
Pembayaran Pinalty,580000
Pembayaran U  M K,603000
Pembayaran UMMKK,613500
Pembayaran UKM,624000
Pembayaran U                M                    K,634500
Pembayaran U   M    K,645000
Pembayaran U  M     K,655500
Pembayaran U  M   K,666000
Pembayaran U  M  K,676500
acbacb,687000
abacab,697500
abcabc,708000
abbacc,718500
Pembayaran U  M K,729000
Pembayaran UMMKK,739500
Pembayaran UKM,750000
Pembayaran U                M                    K,760500
Pembayaran U   M    K,771000
Pembayaran U  M     K,781500
Pembayaran U  M   K,792000
Pembayaran U  M  K,802500
Pembayaran SHF,100000
Pembayaran S    H F,130000
Pembyaran S                                    H                        F,160000
Pembyaran S    !@#3             H                        F,190000
Pak budi S  H   F,220000
untuk bayar s            h            ff,250000
Pak Budi SH  F,280000
Pak budi S  H   F,310000
SHF,340000
Pak Budi SH  F,370000
Pak budi S  H   F,400000
untuk bayar s            h            ff,430000
Pak Budi SH  F,460000
Pak budi S  H   F,490000
untuk bayar s            h            ff,520000
Pak Budi SH  F,550000
Pak budi S  H   F,580000
untuk bayar s            h            ff,610000
Pak Budi SH  F,640000
Pak budi S  H   F,670000
Pembayaran S ettl ement,700000
Pembayaran Sett lement,730000
Pembayaran Settle ment,760000
Pembayaran Settlem ent,790000
Pkemayaran Settlement,820000
Pembayaram Settlement,850000
Pembayaran Settleme nt,880000
Pembayaran Settlement,910000
Pembyaran Settlement,940000
Pembayaran Settlement,970000
Pembyaran Settlement,1000000
Pembayaran Settlement,1030000
Pembyaran Settlement,1060000
Pembayaran Settlement,1090000
Pembyaran Settlement,1120000
Pembayaran Settlement,1150000
Pembyaran Settlement,1180000
Pembayaran Settlement,1210000
Pembyaran Settlement,1240000
Pembayaran Settlement,1270000
Pembyaran Settlement,1300000
Pembayaran Settlement,1330000
Pembyaran Settlement,1360000
Pembayaran Settlement,1390000
Pembayaran F idusia,1420000
Pembayaran Fiidusia,1450000
Pembayaran Fid usia,1480000
Pembayaran Fidus ia,1510000
Pembayaran Fidusia,1540000
Pembayaran Fidusiia,1570000
Pembayaran Fidusia,1600000
Pembayaran Fidusai,1630000
Pembayaran Fidusia,1660000
Pembayaran Fidusiia,1690000
Pembayaran Fidusia,1720000
Pembayaran Fidusai,1750000
Pembayaran Fidusia,1780000
Pembayaran Fidusiia,1810000
Pembayaran Fidusia,1840000
Pembayaran Fidusai,1870000
Pembayaran Fidusia,1900000
Pembayaran Fidusiia,1930000
Pembayaran Fidusia,1960000
Pembayaran Fidusai,1990000
Pembayaran Pinalty,2020000
Pembayaran Pinaly,2050000
Pembayaran Pinlty,2080000
Pembayaran Pina ty,2110000
Pembayaran Pinalty,2140000
Pembayaran Pinaly,2170000
Pembayaran Pinlty,2200000
Pembayaran Pina ty,2230000
Pembayaran Pinalty,2260000
Pembayaran Pinlaty,2290000
Pembayaran Pinalty,2320000
Pembayaran Pinalty,2350000
Pembayaran Pinalty,2380000
Pembayaran Pinaly,2410000
Pembayaran Pinlty,2440000
Pembayaran Pina ty,2470000
Pembayaran Pinalty,2500000
Pembayaran Pinlaty,2530000
Pembayaran Pinalty,2560000
Pembayaran Pinalty,2590000
Pembayaran U  M K,2620000
Pembayaran UMMKK,2650000
Pembayaran UKM,2680000
Pembayaran UM                    K,2710000
Pembayaran U  M K,2740000
Pembayaran UMMKK,2770000
Pembayaran UKM,2800000
Pembayaran UM                    K,2830000
Pembayaran U  M K,2860000
Pembayaran UMMKK,2890000
Pembayaran UKM,2920000
Pembayaran UM                    K,2950000
Pembayaran U  M K,2980000
Pembayaran UMMKK,3010000
Pembayaran UKM,3040000
Pembayaran UM                    K,3070000
Pembayaran U  M K,3100000
Pembayaran UMMKK,3130000
Pembayaran UKM,3160000
Pembayaran UM                    K,3190000
